Date,Time,Pair,Close_A,Close_B,Master_Signal,Z_Score,Beta,Reason
2026-09-16,05:33:42,TCS.NS-INFY.NS,2226.5,1075.6,HOLD,N/A,N/A,Spread within normal bounds
2026-09-16,05:33:42,ICICIBANK.NS-SBIN.NS,1352.4,986.3,HOLD,-2.057,0.387,Pair already active in portfolio
2026-09-16,05:33:42,RELIANCE.NS-HINDUNILVR.NS,1254.1,1966.4,HOLD,-1.536,0.149,Pair already active in portfolio
2026-09-16,05:33:42,KOTAKBANK.NS-BAJFINANCE.NS,412.75,1016.5,HOLD,N/A,N/A,Spread within normal bounds
2026-09-16,17:13:43,TCS.NS-INFY.NS,2188.8,1060.0,HOLD,N/A,N/A,Spread within normal bounds
2026-09-16,17:13:43,ICICIBANK.NS-SBIN.NS,1358.8,991.4,HOLD,-1.907,0.38,Pair already active in portfolio
2026-09-16,17:13:43,RELIANCE.NS-HINDUNILVR.NS,1240.0,1962.0,HOLD,-2.013,0.157,Pair already active in portfolio
2026-09-16,17:13:43,KOTAKBANK.NS-BAJFINANCE.NS,415.0,1006.2,HOLD,N/A,N/A,Spread within normal bounds
2026-09-17,17:12:55,TCS.NS-INFY.NS,2190.0,1058.6,HOLD,N/A,N/A,Spread within normal bounds
2026-09-17,17:12:55,ICICIBANK.NS-SBIN.NS,1347.6,988.7,HOLD,-2.088,0.425,Pair already active in portfolio
2026-09-17,17:12:55,RELIANCE.NS-HINDUNILVR.NS,1243.9,1942.2,HOLD,-1.545,0.178,Pair already active in portfolio
2026-09-17,17:12:55,KOTAKBANK.NS-BAJFINANCE.NS,416.5,1015.0,HOLD,N/A,N/A,Spread within normal bounds
2026-09-18,16:39:17,TCS.NS-INFY.NS,2105.0,1051.4,HOLD,N/A,N/A,Spread within normal bounds
2026-09-18,16:39:17,ICICIBANK.NS-SBIN.NS,1338.9,996.2,HOLD,-2.279,0.471,Pair already active in portfolio
2026-09-18,16:39:17,RELIANCE.NS-HINDUNILVR.NS,1226.4,1932.0,HOLD,-1.891,0.19,Pair already active in portfolio
2026-09-18,16:39:17,KOTAKBANK.NS-BAJFINANCE.NS,412.5,1040.3,HOLD,N/A,N/A,Spread within normal bounds
2026-09-21,18:17:26,TCS.NS-INFY.NS,2128.7,1038.5,HOLD,N/A,N/A,Spread within normal bounds
2026-09-21,18:17:26,ICICIBANK.NS-SBIN.NS,1345.0,996.0,HOLD,-1.745,0.501,Pair already active in portfolio
2026-09-21,18:17:26,RELIANCE.NS-HINDUNILVR.NS,1247.4,1947.0,HOLD,N/A,N/A,Spread within normal bounds
2026-09-21,18:17:26,KOTAKBANK.NS-BAJFINANCE.NS,414.8,1021.3,HOLD,N/A,N/A,Spread within normal bounds
2026-09-22,17:11:14,TCS.NS-INFY.NS,2105.0,1029.4,HOLD,N/A,N/A,Spread within normal bounds
2026-09-22,17:11:14,ICICIBANK.NS-SBIN.NS,1339.6,987.0,HOLD,-1.517,0.529,Pair already active in portfolio
2026-09-22,17:11:14,RELIANCE.NS-HINDUNILVR.NS,1240.4,1933.8,HOLD,N/A,N/A,Spread within normal bounds
2026-09-22,17:11:14,KOTAKBANK.NS-BAJFINANCE.NS,412.65,1008.8,HOLD,N/A,N/A,Spread within normal bounds
2026-09-23,17:23:14,TCS.NS-INFY.NS,2089.6,1020.5,HOLD,N/A,N/A,Spread within normal bounds
2026-09-23,17:23:14,ICICIBANK.NS-SBIN.NS,1340.0,994.1,HOLD,-1.527,0.57,Pair already active in portfolio
2026-09-23,17:23:14,RELIANCE.NS-HINDUNILVR.NS,1248.0,1950.0,HOLD,N/A,N/A,Spread within normal bounds
2026-09-23,17:23:14,KOTAKBANK.NS-BAJFINANCE.NS,413.25,1043.2,HOLD,N/A,N/A,Spread within normal bounds
2026-09-24,17:28:15,TCS.NS-INFY.NS,2087.0,1014.5,HOLD,N/A,N/A,Spread within normal bounds
2026-09-24,17:28:15,ICICIBANK.NS-SBIN.NS,1334.5,978.5,HOLD,N/A,N/A,Spread within normal bounds
2026-09-24,17:28:15,RELIANCE.NS-HINDUNILVR.NS,1219.2,1933.5,HOLD,-1.612,0.276,Pair already active in portfolio
2026-09-24,17:28:15,KOTAKBANK.NS-BAJFINANCE.NS,405.0,982.0,BUY_SPREAD,-2.327,0.026,Statistical edge confirmed (Z=-2.33)
2026-09-25,17:28:14,TCS.NS-INFY.NS,2082.0,1000.2,HOLD,N/A,N/A,Spread within normal bounds
2026-09-25,17:28:14,ICICIBANK.NS-SBIN.NS,1326.8,983.0,HOLD,N/A,N/A,Spread within normal bounds
2026-09-25,17:28:14,RELIANCE.NS-HINDUNILVR.NS,1226.0,1942.9,HOLD,N/A,N/A,Spread within normal bounds
2026-09-25,17:28:14,KOTAKBANK.NS-BAJFINANCE.NS,404.0,996.9,HOLD,-2.13,0.013,Pair already active in portfolio
2026-09-28,19:48:13,TCS.NS-INFY.NS,,,HOLD,N/A,N/A,Spread within normal bounds
2026-09-28,19:48:13,ICICIBANK.NS-SBIN.NS,,,HOLD,N/A,N/A,Spread within normal bounds
2026-09-28,19:48:13,RELIANCE.NS-HINDUNILVR.NS,,,HOLD,N/A,N/A,Spread within normal bounds
2026-09-28,19:48:13,KOTAKBANK.NS-BAJFINANCE.NS,,,HOLD,N/A,N/A,Spread within normal bounds
2026-09-29,18:13:06,TCS.NS-INFY.NS,2032.4,1015.4,BUY_SPREAD,-1.969,0.956,Statistical edge confirmed (Z=-1.97)
2026-09-29,18:13:06,ICICIBANK.NS-SBIN.NS,1292.2,964.7,BUY_SPREAD,-1.678,0.735,Statistical edge confirmed (Z=-1.68)
2026-09-29,18:13:06,RELIANCE.NS-HINDUNILVR.NS,1182.0,1863.8,BUY_SPREAD,-1.666,0.402,Statistical edge confirmed (Z=-1.67)
2026-09-29,18:13:06,KOTAKBANK.NS-BAJFINANCE.NS,406.0,973.8,HOLD,N/A,N/A,Spread within normal bounds
2026-09-30,18:04:50,TCS.NS-INFY.NS,2050.6,994.1,HOLD,N/A,N/A,Spread within normal bounds
2026-09-30,18:04:50,ICICIBANK.NS-SBIN.NS,1321.7,959.5,HOLD,N/A,N/A,Spread within normal bounds
2026-09-30,18:04:50,RELIANCE.NS-HINDUNILVR.NS,1187.0,1879.1,HOLD,N/A,N/A,Spread within normal bounds
2026-09-30,18:04:50,KOTAKBANK.NS-BAJFINANCE.NS,417.0,959.4,HOLD,N/A,N/A,Spread within normal bounds
2026-10-01,18:32:15,TCS.NS-INFY.NS,,,HOLD,N/A,N/A,Spread within normal bounds
2026-10-01,18:32:15,ICICIBANK.NS-SBIN.NS,,,HOLD,N/A,N/A,Spread within normal bounds
2026-10-01,18:32:15,RELIANCE.NS-HINDUNILVR.NS,,,HOLD,N/A,N/A,Spread within normal bounds
2026-10-01,18:32:15,KOTAKBANK.NS-BAJFINANCE.NS,,,HOLD,N/A,N/A,Spread within normal bounds
2026-10-02,17:59:26,TCS.NS-INFY.NS,2075.0,1035.0,HOLD,-1.61,0.938,Pair already active in portfolio
2026-10-02,17:59:26,ICICIBANK.NS-SBIN.NS,1310.6,954.1,HOLD,N/A,N/A,Spread within normal bounds
2026-10-02,17:59:26,RELIANCE.NS-HINDUNILVR.NS,1167.7,1836.0,HOLD,N/A,N/A,Spread within normal bounds
2026-10-02,17:59:26,KOTAKBANK.NS-BAJFINANCE.NS,418.35,948.3,HOLD,N/A,N/A,Spread within normal bounds
2026-10-06,18:33:23,TCS.NS-INFY.NS,,,HOLD,N/A,N/A,Spread within normal bounds
2026-10-06,18:33:23,ICICIBANK.NS-SBIN.NS,,,HOLD,N/A,N/A,Spread within normal bounds
2026-10-06,18:33:23,RELIANCE.NS-HINDUNILVR.NS,,,HOLD,N/A,N/A,Spread within normal bounds
2026-10-06,18:33:23,KOTAKBANK.NS-BAJFINANCE.NS,,,HOLD,N/A,N/A,Spread within normal bounds
2026-10-07,19:02:46,TCS.NS-INFY.NS,,,HOLD,N/A,N/A,Spread within normal bounds
2026-10-07,19:02:46,ICICIBANK.NS-SBIN.NS,,,HOLD,N/A,N/A,Spread within normal bounds
2026-10-07,19:02:46,RELIANCE.NS-HINDUNILVR.NS,,,HOLD,N/A,N/A,Spread within normal bounds
2026-10-07,19:02:46,KOTAKBANK.NS-BAJFINANCE.NS,,,HOLD,N/A,N/A,Spread within normal bounds
2026-10-08,18:58:12,TCS.NS-INFY.NS,,,HOLD,N/A,N/A,Spread within normal bounds
2026-10-08,18:58:12,ICICIBANK.NS-SBIN.NS,,,HOLD,N/A,N/A,Spread within normal bounds
2026-10-08,18:58:12,RELIANCE.NS-HINDUNILVR.NS,,,HOLD,N/A,N/A,Spread within normal bounds
2026-10-08,18:58:12,KOTAKBANK.NS-BAJFINANCE.NS,,,HOLD,N/A,N/A,Spread within normal bounds
